DATE_ID,DAY_OF_WEEK,APPOINTMENT_DATE,MONTH_NAME,YEAR
1,Sun,2023-06-11,Jun,2023
2,Thu,2024-07-04,Jul,2024
3,Wed,2025-09-17,Sep,2025
4,Thu,2025-03-20,Mar,2025
5,Thu,2025-05-01,May,2025
6,Sun,2024-08-18,Aug,2024
7,Fri,2023-04-14,Apr,2023
8,Wed,2023-12-13,Dec,2023
9,Mon,2024-12-16,Dec,2024
10,Thu,2023-01-05,Jan,2023
11,Thu,2025-01-09,Jan,2025
12,Sun,2024-07-14,Jul,2024
13,Fri,2023-01-06,Jan,2023
14,Sat,2024-02-24,Feb,2024
15,Thu,2025-01-02,Jan,2025
16,Sun,2024-12-15,Dec,2024
17,Sun,2023-09-03,Sep,2023
18,Fri,2025-09-05,Sep,2025
19,Sun,2025-08-10,Aug,2025
20,Wed,2024-09-25,Sep,2024
21,Fri,2025-10-17,Oct,2025
22,Fri,2024-08-09,Aug,2024
23,Mon,2024-12-23,Dec,2024
24,Wed,2024-05-22,May,2024
25,Thu,2025-12-18,Dec,2025
26,Thu,2023-02-16,Feb,2023
27,Sat,2024-08-31,Aug,2024
28,Sun,2023-07-09,Jul,2023
29,Tue,2024-10-15,Oct,2024
30,Fri,2025-12-12,Dec,2025
31,Wed,2025-08-27,Aug,2025
32,Sun,2024-09-22,Sep,2024
33,Thu,2024-04-18,Apr,2024
34,Wed,2023-03-15,Mar,2023
35,Fri,2024-08-23,Aug,2024
36,Wed,2024-08-21,Aug,2024
37,Tue,2023-05-16,May,2023
38,Thu,2023-02-09,Feb,2023
39,Tue,2023-09-26,Sep,2023
40,Wed,2023-06-28,Jun,2023
41,Wed,2025-11-26,Nov,2025
42,Sat,2023-06-24,Jun,2023
43,Thu,2025-04-24,Apr,2025
44,Sat,2025-09-06,Sep,2025
45,Wed,2024-11-27,Nov,2024
46,Sat,2025-01-25,Jan,2025
47,Sun,2024-10-13,Oct,2024
48,Sun,2025-04-27,Apr,2025
49,Fri,2024-04-19,Apr,2024
50,Mon,2025-05-19,May,2025
51,Mon,2024-07-22,Jul,2024
52,Wed,2023-10-18,Oct,2023
53,Sat,2024-08-24,Aug,2024
54,Thu,2024-10-31,Oct,2024
55,Mon,2025-12-15,Dec,2025
56,Fri,2025-08-22,Aug,2025
57,Mon,2024-04-29,Apr,2024
58,Tue,2023-09-05,Sep,2023
59,Wed,2024-05-29,May,2024
60,Sat,2023-08-05,Aug,2023
61,Wed,2023-11-08,Nov,2023
62,Sun,2023-01-08,Jan,2023
63,Mon,2024-05-13,May,2024
64,Fri,2024-01-19,Jan,2024
65,Sat,2024-10-12,Oct,2024
66,Tue,2024-03-05,Mar,2024
67,Wed,2023-11-29,Nov,2023
68,Sat,2023-01-14,Jan,2023
69,Wed,2024-06-19,Jun,2024
70,Fri,2025-06-13,Jun,2025
71,Sun,2023-11-12,Nov,2023
72,Tue,2025-10-21,Oct,2025
73,Thu,2024-01-04,Jan,2024
74,Fri,2023-05-26,May,2023
75,Thu,2023-08-31,Aug,2023
76,Tue,2024-02-20,Feb,2024
77,Tue,2023-10-03,Oct,2023
78,Sun,2024-01-07,Jan,2024
79,Wed,2024-08-07,Aug,2024
80,Thu,2024-03-28,Mar,2024
81,Sun,2023-05-28,May,2023
82,Wed,2024-01-03,Jan,2024
83,Wed,2024-10-16,Oct,2024
84,Tue,2024-07-30,Jul,2024
85,Tue,2023-09-12,Sep,2023
86,Sat,2023-09-23,Sep,2023
87,Wed,2024-07-03,Jul,2024
88,Tue,2023-08-08,Aug,2023
89,Mon,2024-07-08,Jul,2024
90,Wed,2023-06-07,Jun,2023
91,Tue,2025-10-28,Oct,2025
92,Wed,2024-04-10,Apr,2024
93,Sun,2024-06-09,Jun,2024
94,Sat,2024-01-06,Jan,2024
95,Thu,2023-07-13,Jul,2023
96,Mon,2024-01-22,Jan,2024
97,Mon,2023-07-17,Jul,2023
98,Sun,2023-08-27,Aug,2023
99,Sun,2025-03-30,Mar,2025
100,Sat,2025-03-08,Mar,2025
101,Tue,2023-04-11,Apr,2023
102,Thu,2025-11-06,Nov,2025
103,Sun,2023-10-08,Oct,2023
104,Sun,2024-05-26,May,2024
105,Wed,2023-06-14,Jun,2023
106,Fri,2023-12-01,Dec,2023
107,Sun,2025-12-07,Dec,2025
108,Sat,2025-03-22,Mar,2025
109,Wed,2023-09-13,Sep,2023
110,Mon,2025-10-13,Oct,2025
111,Tue,2025-07-01,Jul,2025
112,Thu,2025-09-04,Sep,2025
113,Thu,2023-12-21,Dec,2023
114,Wed,2025-11-05,Nov,2025
115,Mon,2025-06-09,Jun,2025
116,Thu,2023-03-23,Mar,2023
117,Thu,2024-08-22,Aug,2024
118,Fri,2024-08-16,Aug,2024
119,Fri,2025-07-11,Jul,2025
120,Wed,2023-02-08,Feb,2023
121,Mon,2023-07-24,Jul,2023
201,Wed,2023-05-03,May,2023
202,Wed,2024-07-17,Jul,2024
203,Sat,2024-06-22,Jun,2024
204,Sat,2025-02-08,Feb,2025
205,Thu,2025-06-19,Jun,2025
206,Thu,2025-06-12,Jun,2025
207,Mon,2023-05-22,May,2023
208,Sat,2023-09-30,Sep,2023
209,Wed,2025-11-12,Nov,2025
210,Mon,2025-05-12,May,2025
211,Mon,2023-10-30,Oct,2023
212,Thu,2025-04-03,Apr,2025
213,Mon,2023-03-13,Mar,2023
214,Fri,2024-06-21,Jun,2024
215,Fri,2023-09-08,Sep,2023
216,Wed,2023-06-21,Jun,2023
217,Tue,2025-01-14,Jan,2025
218,Sat,2024-11-23,Nov,2024
219,Wed,2025-01-08,Jan,2025
220,Thu,2025-01-30,Jan,2025
221,Fri,2025-10-24,Oct,2025
222,Fri,2024-11-29,Nov,2024
223,Fri,2024-07-19,Jul,2024
224,Thu,2025-11-27,Nov,2025
225,Sat,2024-03-02,Mar,2024
226,Mon,2024-09-23,Sep,2024
227,Sun,2024-09-08,Sep,2024
228,Fri,2025-04-25,Apr,2025
229,Mon,2024-11-18,Nov,2024
230,Fri,2024-01-26,Jan,2024
231,Fri,2025-02-28,Feb,2025
232,Fri,2023-04-28,Apr,2023
233,Tue,2023-02-14,Feb,2023
234,Tue,2024-11-26,Nov,2024
235,Sat,2025-04-12,Apr,2025
236,Sun,2023-01-01,Jan,2023
237,Mon,2025-04-07,Apr,2025
238,Tue,2024-05-28,May,2024
239,Tue,2023-12-12,Dec,2023
240,Mon,2023-02-06,Feb,2023
241,Fri,2025-03-14,Mar,2025
242,Fri,2025-07-04,Jul,2025
243,Mon,2024-01-08,Jan,2024
244,Mon,2024-10-07,Oct,2024
245,Mon,2024-01-15,Jan,2024
246,Tue,2023-02-28,Feb,2023
247,Tue,2023-06-20,Jun,2023
248,Fri,2023-10-06,Oct,2023
249,Tue,2025-02-18,Feb,2025
250,Tue,2024-01-09,Jan,2024
251,Tue,2024-10-29,Oct,2024
252,Sat,2023-11-18,Nov,2023
253,Thu,2023-06-22,Jun,2023
254,Thu,2024-06-13,Jun,2024
255,Thu,2024-03-21,Mar,2024
256,Sat,2025-11-22,Nov,2025
257,Tue,2025-02-25,Feb,2025
258,Tue,2024-02-06,Feb,2024
259,Thu,2025-01-16,Jan,2025
260,Mon,2023-07-31,Jul,2023
261,Wed,2024-04-03,Apr,2024
262,Fri,2024-10-04,Oct,2024
263,Fri,2025-03-21,Mar,2025
264,Mon,2024-04-15,Apr,2024
265,Thu,2024-02-08,Feb,2024
266,Thu,2024-04-04,Apr,2024
267,Sun,2024-12-08,Dec,2024
268,Sun,2024-05-05,May,2024
269,Fri,2023-10-20,Oct,2023
270,Thu,2023-11-09,Nov,2023
271,Mon,2025-06-23,Jun,2025
272,Sun,2024-04-07,Apr,2024
273,Sat,2024-12-21,Dec,2024
274,Sat,2024-01-27,Jan,2024
275,Thu,2025-12-11,Dec,2025
276,Thu,2024-03-14,Mar,2024
277,Tue,2024-03-19,Mar,2024
278,Thu,2024-02-01,Feb,2024
279,Mon,2023-01-23,Jan,2023
280,Sat,2023-08-19,Aug,2023
281,Thu,2023-01-12,Jan,2023
282,Mon,2023-04-24,Apr,2023
283,Sun,2023-03-26,Mar,2023
284,Thu,2025-07-31,Jul,2025
285,Fri,2025-08-15,Aug,2025
286,Sun,2024-12-01,Dec,2024
287,Sat,2025-05-24,May,2025
288,Sat,2024-08-03,Aug,2024
289,Thu,2024-09-26,Sep,2024
290,Thu,2025-05-08,May,2025
291,Sun,2025-03-23,Mar,2025
292,Sat,2025-11-15,Nov,2025
293,Wed,2025-07-02,Jul,2025
294,Sun,2023-04-30,Apr,2023
295,Tue,2023-07-04,Jul,2023
296,Tue,2023-03-21,Mar,2023
297,Sun,2025-06-01,Jun,2025
298,Tue,2025-03-11,Mar,2025
299,Mon,2023-02-27,Feb,2023
300,Mon,2024-11-11,Nov,2024
301,Tue,2025-03-18,Mar,2025
302,Sat,2025-05-17,May,2025
303,Sat,2023-09-16,Sep,2023
304,Sun,2023-12-03,Dec,2023
305,Thu,2023-11-02,Nov,2023
306,Sun,2025-04-13,Apr,2025
307,Thu,2025-04-17,Apr,2025
308,Thu,2023-09-28,Sep,2023
309,Tue,2025-08-19,Aug,2025
310,Sat,2024-12-28,Dec,2024
311,Thu,2024-10-17,Oct,2024
312,Tue,2025-05-13,May,2025
313,Sat,2025-03-01,Mar,2025
314,Sat,2025-05-03,May,2025
315,Mon,2023-04-10,Apr,2023
316,Thu,2025-03-06,Mar,2025
317,Sun,2024-10-06,Oct,2024
318,Sat,2024-06-15,Jun,2024
319,Tue,2025-05-06,May,2025
320,Wed,2024-08-14,Aug,2024
321,Fri,2024-02-16,Feb,2024
322,Sun,2023-03-12,Mar,2023
323,Fri,2025-11-28,Nov,2025
324,Thu,2023-11-23,Nov,2023
325,Sat,2025-10-25,Oct,2025
326,Mon,2024-06-10,Jun,2024
327,Thu,2024-07-11,Jul,2024
328,Thu,2023-10-05,Oct,2023
329,Tue,2023-08-22,Aug,2023
330,Wed,2025-04-02,Apr,2025
331,Fri,2024-06-14,Jun,2024
332,Thu,2024-11-21,Nov,2024
333,Fri,2025-07-18,Jul,2025
334,Tue,2024-07-09,Jul,2024
335,Tue,2024-06-04,Jun,2024
336,Mon,2024-05-27,May,2024
337,Sun,2024-11-17,Nov,2024
338,Tue,2025-11-18,Nov,2025
339,Sat,2023-04-22,Apr,2023
340,Sat,2024-04-06,Apr,2024
341,Tue,2023-06-06,Jun,2023
342,Sun,2025-11-30,Nov,2025
343,Thu,2024-02-15,Feb,2024
344,Sun,2023-04-09,Apr,2023
345,Mon,2025-08-18,Aug,2025
346,Thu,2024-08-08,Aug,2024
347,Tue,2024-04-16,Apr,2024
348,Sun,2025-05-18,May,2025
349,Wed,2024-02-14,Feb,2024
350,Mon,2024-03-04,Mar,2024
351,Wed,2023-05-24,May,2023
352,Sun,2025-06-08,Jun,2025
353,Fri,2024-09-06,Sep,2024
354,Tue,2023-07-18,Jul,2023
355,Wed,2025-10-29,Oct,2025
356,Mon,2025-03-31,Mar,2025
357,Thu,2023-02-02,Feb,2023
358,Mon,2025-06-30,Jun,2025
359,Wed,2024-07-24,Jul,2024
360,Fri,2024-03-08,Mar,2024
361,Sun,2023-04-16,Apr,2023
362,Fri,2023-03-17,Mar,2023
363,Sun,2025-10-05,Oct,2025
364,Sun,2024-02-04,Feb,2024
365,Thu,2024-08-01,Aug,2024
366,Fri,2025-05-16,May,2025
367,Mon,2023-11-06,Nov,2023
368,Sat,2024-09-21,Sep,2024
369,Wed,2024-06-12,Jun,2024
370,Fri,2023-12-29,Dec,2023
371,Wed,2025-12-24,Dec,2025
372,Thu,2025-11-20,Nov,2025
373,Tue,2024-06-25,Jun,2024
374,Sat,2023-04-08,Apr,2023
375,Wed,2023-02-01,Feb,2023
376,Tue,2023-12-05,Dec,2023
377,Mon,2023-09-11,Sep,2023
378,Mon,2025-03-17,Mar,2025
379,Mon,2025-06-02,Jun,2025
380,Sat,2025-02-01,Feb,2025
381,Sat,2024-11-30,Nov,2024
382,Thu,2025-06-05,Jun,2025
383,Sat,2025-08-16,Aug,2025
384,Wed,2025-03-19,Mar,2025
385,Mon,2025-12-29,Dec,2025
386,Wed,2025-06-18,Jun,2025
387,Mon,2023-05-29,May,2023
388,Fri,2023-05-19,May,2023
389,Sun,2023-05-07,May,2023
390,Sat,2025-08-09,Aug,2025
391,Sun,2023-02-05,Feb,2023
392,Tue,2024-01-23,Jan,2024
393,Sun,2024-03-31,Mar,2024
394,Tue,2025-03-04,Mar,2025
395,Wed,2023-01-11,Jan,2023
396,Sun,2023-01-22,Jan,2023
397,Wed,2025-03-12,Mar,2025
398,Sun,2024-03-10,Mar,2024
399,Mon,2023-11-20,Nov,2023
400,Wed,2023-08-23,Aug,2023
401,Tue,2023-01-31,Jan,2023
402,Fri,2024-05-31,May,2024
403,Tue,2025-08-26,Aug,2025
404,Wed,2024-12-04,Dec,2024
405,Wed,2024-01-17,Jan,2024
406,Mon,2025-01-06,Jan,2025
407,Fri,2023-01-13,Jan,2023
408,Fri,2025-12-05,Dec,2025
409,Sat,2023-09-02,Sep,2023
410,Sat,2024-11-16,Nov,2024
411,Tue,2024-02-27,Feb,2024
412,Tue,2024-12-31,Dec,2024
413,Thu,2023-09-14,Sep,2023
414,Sat,2024-10-05,Oct,2024
415,Fri,2024-07-05,Jul,2024
416,Thu,2023-11-16,Nov,2023
417,Tue,2024-05-14,May,2024
418,Wed,2024-03-06,Mar,2024
419,Wed,2023-11-22,Nov,2023
420,Tue,2024-11-05,Nov,2024
421,Tue,2024-10-22,Oct,2024
422,Wed,2024-10-02,Oct,2024
423,Fri,2023-01-27,Jan,2023
424,Fri,2023-02-17,Feb,2023
425,Wed,2023-01-04,Jan,2023
426,Tue,2025-09-16,Sep,2025
427,Fri,2024-01-05,Jan,2024
428,Mon,2025-12-08,Dec,2025
429,Fri,2023-09-22,Sep,2023
430,Thu,2024-04-11,Apr,2024
431,Fri,2025-06-20,Jun,2025
432,Thu,2024-12-19,Dec,2024
433,Wed,2025-09-03,Sep,2025
434,Fri,2024-03-01,Mar,2024
435,Mon,2025-08-04,Aug,2025
436,Wed,2025-05-14,May,2025
437,Wed,2023-03-08,Mar,2023
438,Wed,2023-08-16,Aug,2023
439,Mon,2023-02-20,Feb,2023
440,Tue,2024-09-10,Sep,2024
441,Sun,2025-07-06,Jul,2025
442,Sun,2023-07-02,Jul,2023
443,Wed,2025-04-16,Apr,2025
444,Sun,2023-12-10,Dec,2023
445,Mon,2025-02-03,Feb,2025
446,Thu,2023-06-29,Jun,2023
447,Wed,2023-03-22,Mar,2023
448,Sat,2024-04-20,Apr,2024
449,Wed,2025-09-24,Sep,2025
450,Fri,2025-01-17,Jan,2025
451,Sat,2024-05-04,May,2024
452,Sat,2023-07-22,Jul,2023
453,Sun,2023-07-23,Jul,2023
454,Sat,2024-04-27,Apr,2024
455,Fri,2025-09-26,Sep,2025
456,Sun,2023-03-05,Mar,2023
457,Mon,2024-04-08,Apr,2024
458,Sat,2023-10-28,Oct,2023
459,Fri,2024-05-10,May,2024
460,Sun,2023-06-04,Jun,2023
461,Sun,2023-06-18,Jun,2023
462,Sun,2025-09-21,Sep,2025
463,Mon,2023-08-21,Aug,2023
464,Wed,2024-02-28,Feb,2024
465,Fri,2025-08-29,Aug,2025
466,Tue,2024-01-16,Jan,2024
467,Fri,2025-09-12,Sep,2025
468,Sat,2024-07-13,Jul,2024
469,Wed,2025-11-19,Nov,2025
470,Tue,2025-11-11,Nov,2025
471,Tue,2023-02-21,Feb,2023
472,Sat,2025-11-01,Nov,2025
473,Sat,2024-09-28,Sep,2024
474,Thu,2025-09-11,Sep,2025
475,Mon,2024-02-26,Feb,2024
476,Thu,2024-05-30,May,2024
477,Mon,2024-08-19,Aug,2024
478,Sun,2023-11-26,Nov,2023
479,Tue,2023-06-13,Jun,2023
480,Tue,2023-01-10,Jan,2023
481,Thu,2024-04-25,Apr,2024
482,Mon,2024-04-22,Apr,2024
483,Sat,2024-04-13,Apr,2024
484,Sun,2024-11-10,Nov,2024
485,Wed,2023-04-12,Apr,2023
486,Sat,2023-10-21,Oct,2023
487,Sun,2025-11-23,Nov,2025
488,Wed,2025-03-26,Mar,2025
489,Thu,2024-09-12,Sep,2024
490,Sat,2023-02-25,Feb,2023
491,Sun,2024-03-24,Mar,2024
492,Sun,2024-02-11,Feb,2024
493,Thu,2025-10-09,Oct,2025
494,Thu,2023-03-30,Mar,2023
495,Wed,2023-11-15,Nov,2023
496,Fri,2024-12-06,Dec,2024
497,Fri,2024-06-07,Jun,2024
498,Fri,2025-04-18,Apr,2025
499,Sun,2025-03-09,Mar,2025
500,Mon,2025-10-27,Oct,2025
501,Wed,2025-08-13,Aug,2025
502,Mon,2023-03-06,Mar,2023
503,Sat,2025-04-19,Apr,2025
504,Fri,2025-09-19,Sep,2025
505,Sat,2023-12-23,Dec,2023
506,Wed,2025-02-05,Feb,2025
507,Fri,2023-11-10,Nov,2023
508,Thu,2023-01-26,Jan,2023
509,Fri,2025-05-09,May,2025
510,Thu,2025-08-14,Aug,2025
511,Sun,2025-03-16,Mar,2025
512,Sun,2025-06-29,Jun,2025
513,Thu,2023-10-26,Oct,2023
514,Sun,2025-08-17,Aug,2025
515,Wed,2025-01-15,Jan,2025
516,Sat,2023-05-20,May,2023
517,Sun,2023-02-12,Feb,2023
518,Fri,2023-04-07,Apr,2023
519,Tue,2025-12-16,Dec,2025
520,Sun,2024-11-03,Nov,2024
521,Wed,2023-12-20,Dec,2023
522,Fri,2023-10-27,Oct,2023
523,Mon,2025-11-24,Nov,2025
524,Thu,2025-01-23,Jan,2025
525,Sun,2024-08-11,Aug,2024
526,Sun,2025-10-19,Oct,2025
527,Fri,2024-03-15,Mar,2024
528,Fri,2023-08-25,Aug,2023
529,Mon,2023-10-23,Oct,2023
530,Fri,2025-04-04,Apr,2025
531,Mon,2023-05-01,May,2023
532,Sun,2023-05-14,May,2023
533,Fri,2024-07-26,Jul,2024
534,Wed,2024-05-08,May,2024
535,Thu,2023-04-20,Apr,2023
536,Mon,2025-12-01,Dec,2025
537,Wed,2023-08-02,Aug,2023
538,Thu,2023-07-06,Jul,2023
539,Thu,2025-10-16,Oct,2025
540,Sat,2023-07-29,Jul,2023
541,Sat,2024-10-19,Oct,2024
542,Wed,2024-06-26,Jun,2024
543,Tue,2025-12-02,Dec,2025
544,Sat,2023-11-04,Nov,2023
545,Sun,2023-07-30,Jul,2023
546,Fri,2025-01-24,Jan,2025
547,Fri,2025-01-03,Jan,2025
548,Mon,2025-09-29,Sep,2025
549,Mon,2023-10-09,Oct,2023
550,Sat,2025-12-06,Dec,2025
551,Wed,2024-04-17,Apr,2024
552,Fri,2025-02-14,Feb,2025
553,Sat,2023-01-21,Jan,2023
554,Sun,2023-08-13,Aug,2023
555,Sat,2025-08-23,Aug,2025
556,Fri,2023-03-24,Mar,2023
557,Sat,2025-10-18,Oct,2025
558,Tue,2025-09-30,Sep,2025
559,Tue,2023-05-23,May,2023
560,Sat,2025-12-13,Dec,2025
561,Fri,2024-09-13,Sep,2024
562,Sat,2023-05-27,May,2023
563,Sun,2025-09-14,Sep,2025
564,Mon,2025-10-20,Oct,2025
565,Sat,2023-12-02,Dec,2023
566,Sat,2023-06-17,Jun,2023
567,Thu,2025-10-23,Oct,2025
568,Fri,2025-10-10,Oct,2025
569,Thu,2025-03-13,Mar,2025
570,Thu,2023-07-20,Jul,2023
571,Thu,2023-12-14,Dec,2023
572,Fri,2025-07-25,Jul,2025
573,Thu,2023-07-27,Jul,2023
574,Wed,2023-08-09,Aug,2023
575,Mon,2025-02-10,Feb,2025
576,Fri,2024-04-26,Apr,2024
577,Thu,2024-01-18,Jan,2024
578,Fri,2024-11-08,Nov,2024
579,Thu,2025-09-18,Sep,2025
580,Wed,2023-07-05,Jul,2023
581,Wed,2025-05-21,May,2025
582,Tue,2023-12-26,Dec,2023
583,Tue,2023-03-28,Mar,2023
584,Mon,2024-01-29,Jan,2024
585,Sat,2023-05-06,May,2023
586,Wed,2025-12-03,Dec,2025
587,Fri,2023-11-24,Nov,2023
588,Sun,2024-09-15,Sep,2024
589,Sun,2025-12-28,Dec,2025
590,Tue,2023-07-11,Jul,2023
591,Mon,2025-03-03,Mar,2025
592,Mon,2024-07-15,Jul,2024
593,Wed,2025-02-12,Feb,2025
594,Fri,2025-03-07,Mar,2025
595,Sat,2024-08-10,Aug,2024
596,Fri,2024-06-28,Jun,2024
597,Wed,2023-12-06,Dec,2023
598,Sat,2024-07-06,Jul,2024
599,Fri,2024-02-09,Feb,2024
600,Sat,2023-02-18,Feb,2023
601,Sun,2025-07-27,Jul,2025
602,Tue,2024-04-30,Apr,2024
603,Sun,2023-02-26,Feb,2023
604,Mon,2023-08-14,Aug,2023
605,Tue,2023-04-04,Apr,2023
606,Fri,2023-07-21,Jul,2023
607,Mon,2024-03-11,Mar,2024
608,Mon,2023-04-17,Apr,2023
609,Thu,2025-06-26,Jun,2025
610,Sun,2025-02-02,Feb,2025
611,Mon,2024-12-30,Dec,2024
612,Sat,2025-09-20,Sep,2025
613,Sat,2024-01-13,Jan,2024
614,Sat,2023-11-11,Nov,2023
615,Sun,2025-05-25,May,2025
616,Wed,2025-10-15,Oct,2025
617,Wed,2023-10-04,Oct,2023
618,Tue,2023-05-09,May,2023
619,Sun,2024-02-25,Feb,2024
620,Fri,2025-08-01,Aug,2025
621,Mon,2023-03-27,Mar,2023
622,Wed,2025-08-06,Aug,2025
623,Fri,2023-02-24,Feb,2023
624,Sat,2025-10-11,Oct,2025
625,Sat,2025-06-07,Jun,2025
626,Fri,2024-05-17,May,2024
627,Thu,2025-04-10,Apr,2025
628,Wed,2024-03-20,Mar,2024
629,Wed,2023-02-15,Feb,2023
630,Fri,2024-10-18,Oct,2024
631,Tue,2025-04-01,Apr,2025
632,Tue,2025-04-15,Apr,2025
633,Tue,2024-07-02,Jul,2024
634,Sun,2023-06-25,Jun,2023
635,Sat,2024-01-20,Jan,2024
636,Sat,2024-03-09,Mar,2024
637,Tue,2025-07-15,Jul,2025
638,Sat,2024-07-20,Jul,2024
639,Wed,2024-09-11,Sep,2024
640,Wed,2023-05-10,May,2023
641,Tue,2024-12-03,Dec,2024
642,Sun,2023-02-19,Feb,2023
643,Sat,2025-03-29,Mar,2025
644,Tue,2025-05-20,May,2025
645,Fri,2024-04-12,Apr,2024
646,Thu,2023-03-16,Mar,2023
647,Wed,2024-10-23,Oct,2024
648,Fri,2023-06-09,Jun,2023
649,Thu,2024-11-07,Nov,2024
650,Tue,2024-03-26,Mar,2024
651,Fri,2025-12-26,Dec,2025
652,Tue,2023-12-19,Dec,2023
653,Sat,2024-07-27,Jul,2024
654,Thu,2023-08-10,Aug,2023
655,Mon,2023-01-09,Jan,2023
656,Thu,2023-04-27,Apr,2023
657,Sat,2023-03-25,Mar,2023
658,Sun,2024-07-21,Jul,2024
659,Wed,2023-01-25,Jan,2023
660,Wed,2025-06-04,Jun,2025
661,Tue,2025-01-28,Jan,2025
662,Fri,2023-12-22,Dec,2023
663,Fri,2023-02-03,Feb,2023
664,Sun,2025-10-26,Oct,2025
665,Wed,2024-01-10,Jan,2024
666,Sun,2025-11-16,Nov,2025
667,Sat,2025-07-05,Jul,2025
668,Sat,2025-01-11,Jan,2025
669,Sun,2024-02-18,Feb,2024
670,Wed,2023-04-05,Apr,2023
671,Thu,2023-01-19,Jan,2023
672,Sun,2024-04-21,Apr,2024
673,Mon,2024-11-25,Nov,2024
674,Sun,2023-12-24,Dec,2023
675,Tue,2024-09-03,Sep,2024
676,Thu,2025-08-21,Aug,2025
677,Sat,2023-02-11,Feb,2023
678,Fri,2025-03-28,Mar,2025
679,Thu,2025-08-28,Aug,2025
680,Tue,2025-09-23,Sep,2025
681,Mon,2023-01-16,Jan,2023
682,Sun,2024-06-23,Jun,2024
683,Tue,2023-03-14,Mar,2023
684,Wed,2024-05-01,May,2024
685,Mon,2023-04-03,Apr,2023
686,Sat,2025-06-21,Jun,2025
687,Mon,2024-07-29,Jul,2024
688,Wed,2024-05-15,May,2024
689,Wed,2025-04-23,Apr,2025
690,Fri,2024-11-01,Nov,2024
691,Sun,2023-11-05,Nov,2023
692,Sun,2025-12-14,Dec,2025
693,Thu,2025-12-25,Dec,2025
694,Mon,2025-08-25,Aug,2025
695,Fri,2023-03-03,Mar,2023
696,Tue,2025-06-24,Jun,2025
697,Sat,2025-09-13,Sep,2025
698,Thu,2023-08-03,Aug,2023
699,Tue,2025-03-25,Mar,2025
700,Sun,2025-04-06,Apr,2025
701,Fri,2024-12-27,Dec,2024
702,Wed,2025-10-22,Oct,2025
703,Sun,2024-01-21,Jan,2024
704,Thu,2024-01-25,Jan,2024
705,Sun,2023-10-01,Oct,2023
706,Tue,2024-01-30,Jan,2024
707,Tue,2023-02-07,Feb,2023
708,Thu,2025-07-10,Jul,2025
709,Wed,2024-01-31,Jan,2024
710,Mon,2023-05-15,May,2023
711,Thu,2025-02-06,Feb,2025
712,Sat,2024-08-17,Aug,2024
713,Tue,2023-11-21,Nov,2023
714,Fri,2025-06-27,Jun,2025
715,Fri,2023-03-31,Mar,2023
716,Mon,2025-09-08,Sep,2025
717,Wed,2024-03-13,Mar,2024
718,Fri,2024-05-24,May,2024
719,Tue,2025-11-25,Nov,2025
720,Sun,2023-12-31,Dec,2023
721,Thu,2023-06-08,Jun,2023
722,Tue,2025-06-03,Jun,2025
723,Fri,2024-12-13,Dec,2024
724,Wed,2025-05-07,May,2025
725,Tue,2023-04-18,Apr,2023
726,Tue,2025-08-12,Aug,2025
727,Sun,2025-01-26,Jan,2025
728,Wed,2025-01-22,Jan,2025
729,Wed,2024-03-27,Mar,2024
730,Sat,2025-04-26,Apr,2025
731,Wed,2025-07-09,Jul,2025
732,Wed,2023-08-30,Aug,2023
733,Sat,2024-12-14,Dec,2024
734,Mon,2024-06-17,Jun,2024
735,Sun,2024-07-28,Jul,2024
736,Mon,2024-05-06,May,2024
737,Thu,2023-03-09,Mar,2023
738,Mon,2024-02-12,Feb,2024
739,Mon,2024-01-01,Jan,2024
740,Sun,2024-12-22,Dec,2024
741,Wed,2023-09-06,Sep,2023
742,Mon,2023-01-02,Jan,2023
743,Thu,2023-05-04,May,2023
744,Tue,2023-08-01,Aug,2023
745,Thu,2023-11-30,Nov,2023
746,Mon,2025-06-16,Jun,2025
747,Tue,2024-10-08,Oct,2024
748,Thu,2023-03-02,Mar,2023
749,Tue,2025-07-22,Jul,2025
750,Fri,2023-06-02,Jun,2023
751,Sat,2024-09-07,Sep,2024
752,Fri,2025-05-23,May,2025
753,Mon,2023-03-20,Mar,2023
754,Tue,2024-05-07,May,2024
755,Tue,2023-10-17,Oct,2023
756,Wed,2023-04-26,Apr,2023
757,Sun,2023-08-06,Aug,2023
758,Tue,2023-03-07,Mar,2023
759,Thu,2024-11-14,Nov,2024
760,Wed,2025-04-09,Apr,2025
761,Mon,2025-09-15,Sep,2025
762,Fri,2023-02-10,Feb,2023
763,Sun,2025-07-20,Jul,2025
764,Sat,2023-03-04,Mar,2023
765,Fri,2025-01-10,Jan,2025
766,Wed,2024-02-07,Feb,2024
767,Sat,2024-06-08,Jun,2024
768,Fri,2024-11-15,Nov,2024
769,Tue,2025-10-07,Oct,2025
770,Thu,2023-06-15,Jun,2023
771,Sat,2024-02-03,Feb,2024
772,Wed,2024-10-30,Oct,2024
773,Fri,2023-03-10,Mar,2023
774,Sat,2025-01-04,Jan,2025
775,Wed,2023-11-01,Nov,2023
776,Sat,2025-01-18,Jan,2025
777,Mon,2025-07-21,Jul,2025
778,Tue,2024-02-13,Feb,2024
779,Wed,2023-05-31,May,2023
780,Sat,2024-09-14,Sep,2024
781,Tue,2023-08-29,Aug,2023
782,Fri,2025-02-07,Feb,2025
783,Wed,2025-03-05,Mar,2025
784,Mon,2025-05-05,May,2025
785,Thu,2025-07-03,Jul,2025
786,Mon,2024-09-09,Sep,2024
787,Mon,2023-08-07,Aug,2023
788,Sun,2025-02-09,Feb,2025
789,Tue,2024-09-24,Sep,2024
790,Sun,2025-11-02,Nov,2025
791,Sun,2023-09-17,Sep,2023
792,Tue,2025-06-10,Jun,2025
793,Thu,2024-12-26,Dec,2024
794,Thu,2023-09-07,Sep,2023
795,Tue,2024-12-17,Dec,2024
796,Tue,2023-11-14,Nov,2023
797,Mon,2024-11-04,Nov,2024
798,Sun,2025-08-31,Aug,2025
799,Thu,2024-11-28,Nov,2024
800,Wed,2025-09-10,Sep,2025
801,Sat,2024-06-01,Jun,2024
802,Fri,2025-04-11,Apr,2025
803,Mon,2025-07-28,Jul,2025
804,Fri,2024-10-25,Oct,2024
805,Fri,2025-01-31,Jan,2025
806,Sun,2024-10-27,Oct,2024
807,Sun,2023-10-22,Oct,2023
808,Thu,2024-10-03,Oct,2024
809,Mon,2025-05-26,May,2025
810,Thu,2025-05-22,May,2025
811,Fri,2023-08-04,Aug,2023
812,Wed,2025-07-23,Jul,2025
813,Thu,2024-12-12,Dec,2024
814,Mon,2024-10-14,Oct,2024
815,Sat,2024-10-26,Oct,2024
816,Sun,2025-03-02,Mar,2025
817,Tue,2025-02-04,Feb,2025
818,Tue,2024-04-09,Apr,2024
819,Tue,2024-11-19,Nov,2024
820,Thu,2024-05-16,May,2024
821,Mon,2025-09-01,Sep,2025
822,Fri,2023-06-23,Jun,2023
823,Thu,2023-08-17,Aug,2023
824,Sun,2024-11-24,Nov,2024
825,Thu,2024-10-24,Oct,2024
826,Tue,2024-05-21,May,2024
827,Mon,2025-01-27,Jan,2025
828,Fri,2025-11-21,Nov,2025
829,Sat,2023-08-12,Aug,2023
830,Fri,2024-11-22,Nov,2024
831,Sun,2023-01-29,Jan,2023
832,Sun,2024-04-14,Apr,2024
833,Mon,2023-12-04,Dec,2023
834,Fri,2024-12-20,Dec,2024
835,Mon,2025-03-10,Mar,2025
836,Wed,2025-06-11,Jun,2025
837,Mon,2024-09-30,Sep,2024
838,Fri,2023-01-20,Jan,2023
839,Mon,2024-06-24,Jun,2024
840,Fri,2025-05-02,May,2025
841,Sat,2023-12-30,Dec,2023
842,Fri,2023-08-18,Aug,2023
843,Mon,2023-12-18,Dec,2023
844,Wed,2023-03-01,Mar,2023
845,Sat,2025-08-30,Aug,2025
846,Thu,2023-05-11,May,2023
847,Tue,2023-10-24,Oct,2023
848,Sun,2025-02-16,Feb,2025
849,Tue,2025-06-17,Jun,2025
850,Wed,2023-03-29,Mar,2023
851,Mon,2025-11-10,Nov,2025
852,Mon,2024-07-01,Jul,2024
853,Sun,2023-03-19,Mar,2023
854,Wed,2023-10-25,Oct,2023
855,Fri,2023-12-08,Dec,2023
856,Sun,2024-06-02,Jun,2024
857,Wed,2025-06-25,Jun,2025
858,Sat,2024-05-18,May,2024
859,Sun,2025-12-21,Dec,2025
860,Thu,2023-05-18,May,2023
861,Thu,2024-06-27,Jun,2024
862,Sat,2023-10-07,Oct,2023
863,Mon,2024-12-02,Dec,2024
864,Mon,2025-01-20,Jan,2025
865,Sun,2024-09-01,Sep,2024
866,Wed,2023-04-19,Apr,2023
867,Tue,2023-08-15,Aug,2023
868,Fri,2023-09-29,Sep,2023
869,Wed,2024-07-10,Jul,2024
870,Fri,2024-08-02,Aug,2024
871,Fri,2023-05-05,May,2023
872,Thu,2023-10-12,Oct,2023
873,Thu,2025-02-13,Feb,2025
874,Thu,2023-06-01,Jun,2023
875,Thu,2023-04-06,Apr,2023
876,Mon,2023-01-30,Jan,2023
877,Fri,2023-10-13,Oct,2023
878,Thu,2025-07-17,Jul,2025
879,Thu,2023-05-25,May,2023
880,Thu,2024-09-19,Sep,2024
881,Wed,2024-11-06,Nov,2024
882,Sat,2025-02-22,Feb,2025
883,Sun,2024-07-07,Jul,2024
884,Wed,2024-04-24,Apr,2024
885,Tue,2024-07-23,Jul,2024
886,Sun,2023-07-16,Jul,2023
887,Mon,2023-06-26,Jun,2023
888,Fri,2023-12-15,Dec,2023
889,Fri,2025-11-14,Nov,2025
890,Fri,2024-07-12,Jul,2024
891,Sun,2025-09-07,Sep,2025
892,Mon,2025-02-17,Feb,2025
893,Wed,2025-12-10,Dec,2025
894,Fri,2023-11-03,Nov,2023
895,Mon,2024-10-21,Oct,2024
896,Thu,2025-12-04,Dec,2025
897,Sat,2025-09-27,Sep,2025
898,Thu,2023-12-28,Dec,2023
899,Fri,2025-12-19,Dec,2025
900,Sat,2025-07-19,Jul,2025
901,Sun,2024-08-04,Aug,2024
902,Tue,2025-02-11,Feb,2025
903,Thu,2025-03-27,Mar,2025
904,Wed,2025-05-28,May,2025
905,Mon,2023-12-11,Dec,2023
906,Fri,2024-02-02,Feb,2024
907,Sat,2023-08-26,Aug,2023
908,Tue,2024-06-11,Jun,2024
909,Fri,2024-08-30,Aug,2024
910,Sat,2025-11-08,Nov,2025
911,Sun,2024-09-29,Sep,2024
912,Mon,2025-02-24,Feb,2025
913,Thu,2025-05-15,May,2025
914,Wed,2024-06-05,Jun,2024
915,Mon,2024-02-19,Feb,2024
916,Tue,2023-01-03,Jan,2023
917,Thu,2024-07-18,Jul,2024
918,Sat,2023-04-15,Apr,2023
919,Sun,2024-06-30,Jun,2024
920,Fri,2024-09-27,Sep,2024
921,Fri,2023-09-01,Sep,2023
922,Thu,2024-08-29,Aug,2024
923,Thu,2023-10-19,Oct,2023
924,Tue,2023-11-28,Nov,2023
925,Mon,2023-10-16,Oct,2023
926,Sat,2023-01-28,Jan,2023
1201,Fri,2023-07-07,Jul,2023
1202,Tue,2024-07-16,Jul,2024
1203,Sat,2023-03-11,Mar,2023
1204,Mon,2023-07-10,Jul,2023
1205,Thu,2025-02-27,Feb,2025
1206,Sat,2025-06-14,Jun,2025
1207,Sun,2024-04-28,Apr,2024
1208,Sun,2025-01-05,Jan,2025
1209,Tue,2025-11-04,Nov,2025
1210,Fri,2024-03-29,Mar,2024
1211,Fri,2025-05-30,May,2025
1212,Sat,2025-06-28,Jun,2025
1213,Tue,2025-09-09,Sep,2025
1214,Thu,2025-08-07,Aug,2025
1215,Sun,2023-12-17,Dec,2023
1216,Sat,2025-07-12,Jul,2025
1217,Tue,2023-07-25,Jul,2023
1218,Wed,2023-07-12,Jul,2023
1219,Tue,2025-07-08,Jul,2025
1220,Wed,2023-07-26,Jul,2023
1221,Sun,2025-01-12,Jan,2025
1222,Fri,2025-02-21,Feb,2025
1223,Sun,2023-01-15,Jan,2023
1224,Sun,2023-05-21,May,2023
1225,Thu,2023-09-21,Sep,2023
1226,Fri,2024-01-12,Jan,2024
1227,Mon,2025-04-28,Apr,2025
1228,Sat,2023-09-09,Sep,2023
1229,Thu,2024-08-15,Aug,2024
1230,Sat,2023-07-15,Jul,2023
1231,Sat,2025-02-15,Feb,2025
1232,Sat,2024-11-02,Nov,2024
1233,Sun,2023-09-24,Sep,2023
1234,Thu,2023-08-24,Aug,2023
1235,Wed,2024-08-28,Aug,2024
1236,Mon,2024-03-25,Mar,2024
1237,Mon,2024-09-16,Sep,2024
1238,Sun,2025-06-15,Jun,2025
1239,Sat,2023-11-25,Nov,2023
1240,Fri,2024-03-22,Mar,2024
1241,Tue,2024-04-02,Apr,2024
1242,Thu,2025-05-29,May,2025
1243,Mon,2025-04-21,Apr,2025
1244,Sun,2025-11-09,Nov,2025
1245,Mon,2024-08-26,Aug,2024
1246,Sat,2025-12-27,Dec,2025
1247,Mon,2024-03-18,Mar,2024
1248,Tue,2024-01-02,Jan,2024
1249,Tue,2025-08-05,Aug,2025
1250,Thu,2023-02-23,Feb,2023
1251,Mon,2025-11-03,Nov,2025
1252,Mon,2023-11-13,Nov,2023
1253,Fri,2024-04-05,Apr,2024
1254,Mon,2023-10-02,Oct,2023
1255,Wed,2024-09-04,Sep,2024
1256,Sun,2025-05-04,May,2025
1257,Sat,2024-06-29,Jun,2024
1258,Sat,2025-03-15,Mar,2025
1259,Tue,2023-11-07,Nov,2023
1260,Sat,2023-07-01,Jul,2023
1261,Mon,2025-07-07,Jul,2025
1262,Mon,2025-12-22,Dec,2025
1263,Wed,2025-02-26,Feb,2025
1264,Mon,2023-08-28,Aug,2023
1265,Thu,2025-10-02,Oct,2025
1266,Thu,2024-06-20,Jun,2024
1267,Wed,2024-10-09,Oct,2024
1268,Wed,2024-09-18,Sep,2024
1269,Wed,2023-02-22,Feb,2023
1270,Sun,2025-01-19,Jan,2025
1271,Mon,2025-08-11,Aug,2025
1272,Tue,2024-08-13,Aug,2024
1273,Wed,2025-10-08,Oct,2025
1274,Thu,2025-11-13,Nov,2025
1275,Tue,2023-04-25,Apr,2023
1276,Fri,2023-11-17,Nov,2023
1277,Tue,2025-04-08,Apr,2025
1278,Sun,2023-10-15,Oct,2023
1279,Thu,2024-02-29,Feb,2024
1280,Tue,2023-01-24,Jan,2023
1281,Sat,2024-02-10,Feb,2024
1282,Sat,2023-02-04,Feb,2023
1283,Sun,2023-04-23,Apr,2023
1284,Sat,2025-08-02,Aug,2025
1285,Sat,2025-10-04,Oct,2025
1286,Wed,2023-09-20,Sep,2023
1287,Mon,2024-06-03,Jun,2024
1288,Wed,2023-10-11,Oct,2023
1289,Mon,2023-09-18,Sep,2023
1290,Sat,2025-11-29,Nov,2025
1291,Mon,2023-06-19,Jun,2023
1292,Sun,2023-04-02,Apr,2023
1293,Fri,2023-09-15,Sep,2023
1294,Thu,2024-05-02,May,2024
1295,Mon,2025-10-06,Oct,2025
1296,Mon,2023-09-25,Sep,2023
1297,Tue,2025-09-02,Sep,2025
1298,Mon,2024-12-09,Dec,2024
1299,Wed,2025-07-16,Jul,2025
1300,Wed,2025-07-30,Jul,2025
1301,Tue,2023-10-31,Oct,2023
1302,Mon,2024-02-05,Feb,2024
1303,Tue,2024-10-01,Oct,2024
1304,Wed,2023-09-27,Sep,2023
1305,Fri,2025-10-31,Oct,2025
1306,Tue,2025-10-14,Oct,2025
1307,Tue,2024-11-12,Nov,2024
1308,Sat,2023-12-09,Dec,2023
1309,Thu,2024-05-09,May,2024
1310,Mon,2024-08-05,Aug,2024
1311,Mon,2025-11-17,Nov,2025
1312,Sun,2025-09-28,Sep,2025
1313,Wed,2025-02-19,Feb,2025
1314,Tue,2023-05-02,May,2023
1315,Sat,2024-03-16,Mar,2024
1316,Wed,2025-12-17,Dec,2025
1317,Sun,2025-05-11,May,2025
1318,Sat,2025-05-10,May,2025
1319,Tue,2025-01-07,Jan,2025
1320,Sun,2024-05-12,May,2024
1321,Fri,2023-07-14,Jul,2023
1322,Mon,2023-05-08,May,2023
1323,Sun,2025-08-24,Aug,2025
1324,Mon,2023-02-13,Feb,2023
1325,Sat,2024-05-25,May,2024
1326,Wed,2024-01-24,Jan,2024
1327,Sat,2023-06-10,Jun,2023
1328,Tue,2023-10-10,Oct,2023
1329,Wed,2024-11-20,Nov,2024
1330,Thu,2025-07-24,Jul,2025
1331,Mon,2025-07-14,Jul,2025
1332,Mon,2025-04-14,Apr,2025
1333,Sat,2024-02-17,Feb,2024
1334,Sun,2025-10-12,Oct,2025
1335,Wed,2024-11-13,Nov,2024
1336,Sat,2023-03-18,Mar,2023
1337,Sun,2023-08-20,Aug,2023
1338,Fri,2023-07-28,Jul,2023
1339,Fri,2023-05-12,May,2023
1340,Mon,2024-05-20,May,2024
1341,Tue,2025-12-09,Dec,2025
1342,Thu,2024-06-06,Jun,2024
1343,Tue,2024-12-24,Dec,2024
1344,Sat,2023-06-03,Jun,2023
1345,Mon,2023-09-04,Sep,2023
1346,Sun,2024-05-19,May,2024
1347,Sat,2025-12-20,Dec,2025
1348,Wed,2023-12-27,Dec,2023
1349,Sun,2023-09-10,Sep,2023
1350,Tue,2023-09-19,Sep,2023
1351,Thu,2024-10-10,Oct,2024
1352,Sat,2025-07-26,Jul,2025
1353,Sat,2023-12-16,Dec,2023
1354,Wed,2025-12-31,Dec,2025
1355,Sun,2024-08-25,Aug,2024
1356,Tue,2023-01-17,Jan,2023
1357,Wed,2024-02-21,Feb,2024
1358,Mon,2023-06-12,Jun,2023
1359,Tue,2024-08-20,Aug,2024
1360,Fri,2024-10-11,Oct,2024
1361,Thu,2025-10-30,Oct,2025
1362,Tue,2023-06-27,Jun,2023
1363,Tue,2024-12-10,Dec,2024
1364,Fri,2024-05-03,May,2024
1365,Sun,2025-07-13,Jul,2025
1366,Wed,2024-12-11,Dec,2024
1367,Wed,2025-08-20,Aug,2025
1368,Sat,2024-11-09,Nov,2024
1369,Fri,2024-02-23,Feb,2024
1370,Fri,2023-06-16,Jun,2023
1371,Thu,2024-09-05,Sep,2024
1372,Wed,2023-05-17,May,2023
1373,Sat,2023-04-01,Apr,2023
1374,Thu,2024-07-25,Jul,2024
1375,Sat,2023-10-14,Oct,2023
1376,Tue,2025-12-30,Dec,2025
1377,Wed,2025-01-29,Jan,2025
1378,Sat,2024-12-07,Dec,2024
1379,Wed,2023-07-19,Jul,2023
1380,Sat,2024-05-11,May,2024
1381,Sun,2024-03-03,Mar,2024
1382,Tue,2025-07-29,Jul,2025
1383,Mon,2024-09-02,Sep,2024
1384,Tue,2025-01-21,Jan,2025
1385,Mon,2023-07-03,Jul,2023
1386,Sat,2023-01-07,Jan,2023
1387,Tue,2024-03-12,Mar,2024
1388,Tue,2024-04-23,Apr,2024
1389,Wed,2024-07-31,Jul,2024
1390,Wed,2025-01-01,Jan,2025
1391,Mon,2025-03-24,Mar,2025
1392,Fri,2025-06-06,Jun,2025
1393,Mon,2025-09-22,Sep,2025
1394,Sat,2023-04-29,Apr,2023
1395,Thu,2023-04-13,Apr,2023
1396,Mon,2023-12-25,Dec,2023
1397,Sat,2023-07-08,Jul,2023
1398,Mon,2025-01-13,Jan,2025
1399,Tue,2024-08-27,Aug,2024
1400,Sun,2024-06-16,Jun,2024
1401,Tue,2025-04-22,Apr,2025
1402,Thu,2023-12-07,Dec,2023
1403,Fri,2025-10-03,Oct,2025
1404,Thu,2024-12-05,Dec,2024
1405,Sun,2024-03-17,Mar,2024
1406,Thu,2024-05-23,May,2024
1407,Tue,2025-05-27,May,2025
1408,Sun,2025-04-20,Apr,2025
1409,Sun,2025-08-03,Aug,2025
1410,Tue,2024-06-18,Jun,2024
1411,Sat,2024-03-23,Mar,2024
1412,Fri,2023-06-30,Jun,2023
1413,Tue,2023-05-30,May,2023
1414,Sun,2025-02-23,Feb,2025
1415,Tue,2024-09-17,Sep,2024
1416,Mon,2024-08-12,Aug,2024
1417,Wed,2024-12-25,Dec,2024
1418,Sun,2024-12-29,Dec,2024
1419,Thu,2024-03-07,Mar,2024
1420,Mon,2024-10-28,Oct,2024
1421,Sun,2024-01-14,Jan,2024
1422,Fri,2025-11-07,Nov,2025
1423,Thu,2025-02-20,Feb,2025
1424,Fri,2024-09-20,Sep,2024
1425,Tue,2024-08-06,Aug,2024
1426,Fri,2023-08-11,Aug,2023
1427,Sat,2024-03-30,Mar,2024
1428,Wed,2025-04-30,Apr,2025
1429,Sat,2023-05-13,May,2023
1430,Mon,2024-04-01,Apr,2024
1431,Wed,2023-01-18,Jan,2023
1432,Sat,2025-04-05,Apr,2025
1433,Thu,2025-09-25,Sep,2025
1434,Mon,2023-11-27,Nov,2023
1435,Fri,2025-08-08,Aug,2025
1436,Tue,2025-12-23,Dec,2025
1437,Fri,2023-04-21,Apr,2023
1438,Thu,2024-02-22,Feb,2024
1439,Mon,2023-06-05,Jun,2023
1440,Sun,2024-01-28,Jan,2024
1441,Sat,2025-05-31,May,2025
1442,Tue,2025-04-29,Apr,2025
1443,Sun,2025-06-22,Jun,2025
1444,Sun,2023-10-29,Oct,2023
1445,Sun,2023-11-19,Nov,2023
1446,Sun,2024-10-20,Oct,2024
1447,Thu,2024-01-11,Jan,2024
1448,Wed,2025-10-01,Oct,2025
1449,Wed,2024-12-18,Dec,2024
